{
  "CID:259994": 0.0,
  "CID:439846": 0.0,
  "CID:3718401": 0.0,
  "CID:71296161": 0.0,
  "CID:49859619": 0.0,
  "CID:71296162": 0.0,
  "CID:46906042": 0.0,
  "CID:6419710": 0.0,
  "CID:25203551": 0.0,
  "CID:7006474": 0.0,
  "CID:1549101": 0.07958506936521936,
  "CID:54694258": 0.0,
  "CID:90657394": 0.0,
  "CID:175": 3.712638405521039,
  "CID:90658453": 0.0,
  "CID:6971017": 0.0,
  "CID:177": 0.12641091771964627,
  "CID:5459847": 0.0,
  "CID:6931501": 0.0,
  "CID:439174": 0.0,
  "CID:22952041": 0.0,
  "CID:6857396": 0.0,
  "CID:44229111": 0.0,
  "CID:6971051": 0.08863262566056085,
  "CID:190": 6.563111430380666e-5,
  "CID:60961": 0.00010313460819169618,
  "CID:6992099": 0.0,
  "CID:5257176": 0.0,
  "CID:164533": 0.4164502733106832,
  "CID:4755801": 0.00020596272423047156,
  "CID:7311725": 0.007108255513161169,
  "CID:7311724": 0.03679823168659041,
  "CID:6992112": 0.007452203360572194,
  "CID:439507": 0.0,
  "CID:204": 0.10931755042447759,
  "CID:15938965": 0.019946402973418608,
  "CID:24802254": 0.0,
  "CID:5460291": 0.0,
  "CID:25244827": 0.0,
  "CID:3717105": 0.0,
  "CID:2724480": 0.0,
  "CID:88031296": 0.03173027402375659,
  "CID:702": 0.0,
  "CID:597": 0.0,
  "CID:21604863": 0.9588765953013125,
  "CID:5462194": 0.0,
  "CID:6992089": 0.03232314094362189,
  "CID:712": 0.0,
  "CID:104815": 0.0,
  "CID:6857431": 0.0,
  "CID:27099": 0.0006840095970360295,
  "CID:768": 0.0,
  "CID:15939608": 0.1445224938275108,
  "CID:27284": 0.006170397466970497,
  "CID:29936": 0.004769562715747116,
  "CID:6419721": 0.0,
  "CID:6419722": 0.018992705498691607,
  "CID:121489511": 0.0,
  "CID:90658043": 0.0,
  "CID:16048613": 0.0,
  "CID:6175": 0.0,
  "CID:13730": 0.0,
  "CID:22848660": 0.0,
  "CID:283": 0.15333333333333335,
  "CID:6560210": 3.575741740114291e-7,
  "CID:101162743": 0.0,
  "CID:13711": 0.0,
  "CID:439163": 0.0,
  "CID:49859675": 0.0,
  "CID:25245784": 0.0,
  "CID:3034656": 0.0,
  "CID:5460307": 0.2965171524142092,
  "CID:23421198": 0.0,
  "CID:271": 0.006048814121120838,
  "CID:657272": 0.0,
  "CID:49791955": 0.0,
  "CID:135398596": 0.0,
  "CID:25202983": 0.0,
  "CID:135398592": 0.0,
  "CID:57339260": 0.0,
  "CID:23421199": 1.6666666666666667,
  "CID:670": 2.443438381247976,
  "CID:31193": 0.0,
  "CID:439357": 0.0,
  "CID:7098639": 0.0,
  "CID:5459845": 0.0,
  "CID:5461127": 0.0,
  "CID:44229140": 0.0,
  "CID:46173511": 0.0,
  "CID:45266742": 0.016893234276995957,
  "CID:725": 0.0,
  "CID:135398618": 0.056541416265557455,
  "CID:7098621": 0.0,
  "CID:135398613": 0.0,
  "CID:305": 0.0,
  "CID:135398593": 0.0,
  "CID:31348": 0.3333333333333333,
  "CID:1068": 0.0,
  "CID:679": 0.0,
  "CID:312": 0.007444694302917954,
  "CID:7058165": 0.019163253801569243,
  "CID:5793": 8.88888888888889,
  "CID:280": 13.568893666067247,
  "CID:6419706": 0.0,
  "CID:5288393": 0.0,
  "CID:104729": 2.547715989831433e-5,
  "CID:16740916": 0.0,
  "CID:6992086": 0.15283487010470495,
  "CID:14598502": 0.25123881004771104,
  "CID:76957149": 0.0,
  "CID:101162745": 0.005613771502309832,
  "CID:5257127": 0.10561535789521859,
  "CID:79014": 0.0,
  "CID:18601100": 0.00701721437788729,
  "CID:10917": 0.0,
  "CID:13712": 0.0,
  "CID:247": 0.0,
  "CID:3611397": 0.0,
  "CID:753": 0.0,
  "CID:5460358": 0.0,
  "CID:7048686": 0.0036375235803264116,
  "CID:5460308": 7.973904080455235e-5,
  "CID:86289367": 0.0,
  "CID:440995": 0.0,
  "CID:7045798": 0.08054912509577158,
  "CID:18785322": 0.0,
  "CID:25244473": 0.0,
  "CID:135398630": 0.026143964218010844,
  "CID:25246139": 0.0,
  "CID:5460221": 0.0,
  "CID:119389": 0.0,
  "CID:1549144": 0.0,
  "CID:24848423": 0.03681165333838081,
  "CID:439508": 0.0,
  "CID:135398635": 0.0,
  "CID:5459794": 0.0,
  "CID:86765350": 0.05317957539633651,
  "CID:5459792": 0.316374375261141,
  "CID:101692668": 0.031282103174315595,
  "CID:135398632": 0.03392484975933448,
  "CID:135398634": 0.0,
  "CID:439186": 0.0,
  "CID:1038": 6.01470787338645,
  "CID:58838673": 0.0,
  "CID:5288409": 0.0,
  "CID:59565831": 0.052883790039594314,
  "CID:1492348": 0.0709702493352664,
  "CID:13489094": 0.0,
  "CID:22247451": 12.349423214622865,
  "CID:192826": 0.0,
  "CID:446495": 0.0,
  "CID:22326046": 0.020497040704589548,
  "CID:18950": 0.0,
  "CID:5047209": 0.044316312830280424,
  "CID:23421200": 0.0,
  "CID:504166": 0.01521215889357689,
  "CID:11458": 0.0,
  "CID:887": 3.21816756610608e-6,
  "CID:25202369": 0.0,
  "CID:25201390": 0.011409119170182667,
  "CID:6992109": 0.0,
  "CID:6992087": 0.010364108646635065,
  "CID:25200924": 0.0,
  "CID:11862103": 0.0,
  "CID:998": 0.0,
  "CID:1548907": 0.0,
  "CID:888": 0.00884057448471507,
  "CID:26623": 0.0,
  "CID:6971009": 0.016937931048747388,
  "CID:7098638": 0.0,
  "CID:27854": 0.0007041886995894079,
  "CID:11802774": 0.021905494503783762,
  "CID:15061530": 0.0,
  "CID:24621": 0.00017297650667802883,
  "CID:101129329": 0.0,
  "CID:6971022": 0.18722413903505775,
  "CID:49859575": 0.0,
  "CID:49859664": 0.0,
  "CID:85257": 0.0,
  "CID:4398339": 0.0,
  "CID:948": 0.0,
  "CID:135398638": 0.046850378753347535,
  "CID:923": 0.0007212047605951767,
  "CID:49859597": 0.0,
  "CID:937": 0.0,
  "CID:49859650": 0.0,
  "CID:6925665": 0.03974758760893645,
  "CID:5459956": 0.0,
  "CID:16741146": 7.34719741359819,
  "CID:7043901": 0.05194283360068324,
  "CID:934": 0.00030029079133479813,
  "CID:138396994": 0.0,
  "CID:135398639": 0.11377200228438901,
  "CID:145068": 0.0,
  "CID:798": 0.012195353263998999,
  "CID:946": 0.0,
  "CID:943": 0.0,
  "CID:3681305": 0.8210564290710466,
  "CID:135398641": 0.046850378753347535,
  "CID:167945": 0.00020596272423047156,
  "CID:977": 10.418665452596755,
  "CID:5359597": 0.0,
  "CID:527": 0.0,
  "CID:3033836": 0.0,
  "CID:3955599": 0.0,
  "CID:6971047": 0.026347853012032154,
  "CID:813": 0.19891853088126674,
  "CID:7408076": 0.0,
  "CID:4740700": 0.0,
  "CID:25246224": 0.022610130171090682,
  "CID:5460179": 18.080044129354206,
  "CID:5460161": 0.0,
  "CID:49859644": 0.0,
  "CID:7059387": 1.168183504286693,
  "CID:3452892": 0.0,
  "CID:1174": 0.0,
  "CID:25245492": 0.0,
  "CID:1050": 0.0,
  "CID:4068592": 0.0,
  "CID:9322": 0.0,
  "CID:1054": 0.0,
  "CID:107735": 0.48388372509500616,
  "CID:1176": 0.0,
  "CID:6029": 0.0,
  "CID:88733505": 0.1539384403412626,
  "CID:7098640": 0.25530600132704034,
  "CID:23423984": 0.0,
  "CID:1188": 0.040994081409179095,
  "CID:6971019": 0.05307206909558288,
  "CID:5779": 0.0,
  "CID:23421208": 0.05228792843602169,
  "CID:64959": 0.0,
  "CID:1135": 0.0,
  "CID:5789": 0.0,
  "CID:19233": 0.0,
  "CID:3782034": 0.0,
  "CID:135191": 0.0,
  "CID:1145": 0.0,
  "CID:22253": 0.0,
  "CID:32051": 0.0003170252626785331,
  "CID:7427": 0.0,
  "CID:26473": 0.0,
  "CID:6992262": 0.0,
  "CID:102059546": 0.0,
  "CID:135755291": 0.0,
  "CID:6857549": 0.0,
  "CID:100969777": 0.0,
  "CID:6857581": 0.1015811742857994,
  "CID:119219": 0.0,
  "CID:7057976": 0.13627831162506185,
  "CID:15938966": 0.0,
  "CID:7098661": 0.0,
  "CID:135823809": 0.0,
  "CID:1090": 0.0,
  "CID:1119": 0.0,
  "CID:1099": 0.026589787698168256,
  "CID:1117": 0.27055134728226726,
  "CID:6992097": 0.0,
  "CID:23421206": 0.0,
  "CID:440113": 0.0,
  "CID:6923516": 0.007622095789999374,
  "CID:160419": 0.13708275123408803,
  "CID:439208": 0.0,
  "CID:24465": 0.0,
  "CID:6942100": 0.024693893670142287,
  "CID:7233169": 0.0,
  "CID:35717": 0.0,
  "CID:49859685": 0.0,
  "CID:16738680": 0.0,
  "CID:16667373": 0.016893234276995957,
  "CID:5460284": 0.0,
  "CID:119400": 0.0,
  "CID:25244309": 0.00497796886350011,
  "CID:25245653": 0.005961762688457755,
  "CID:44229134": 0.0,
  "CID:9549262": 0.0,
  "CID:5959": 0.0,
  "CID:25202620": 0.0,
  "CID:440936": 0.0,
  "CID:1778309": 0.045058994389702206,
  "CID:54679076": 0.0,
  "CID:406": 0.0,
  "CID:67114988": 0.0,
  "CID:68617194": 0.0,
  "CID:46173153": 0.0,
  "CID:136262914": 0.0,
  "CID:5780": 0.0,
  "CID:44123551": 0.0,
  "CID:5988": 0.0,
  "CID:439353": 0.0,
  "CID:36688171": 0.0,
  "CID:46878394": 0.0,
  "CID:11850": 0.0,
  "CID:45266741": 0.0,
  "CID:25244365": 0.0,
  "CID:145000844": 0.0,