{
  "BIOMASS_Ec_iJO1366_core_53p95M": 0.5363612610171437,
  "status": "optimal",
  "EX_glc__D_e": -10.0,
  "EX_k_e": -0.10469396362171933,
  "EX_ac_e": 2.070936704316201,
  "EX_lac__D_e": 7.748590341151804,
  "EX_mg2_e": -0.004652933939323722,
  "EX_na1_e": 0.0,
  "EX_nh4_e": -5.7931435806642355,
  "EX_cl_e": -0.0027917603635942327,
  "EX_pi_e": -0.5173906995762337,
  "EX_so4_e": -0.13527567364113363,
  "EX_etoh_e": 0.0,
  "EX_for_e": 0.1,
  "EX_isoprenol_e": 0.2
}
